category,order_category_pairs,late_rate,on_time_rate,avg_delay_days,median_delay_days,delay_std_days
furniture_mattress_and_upholstery,37,0.13513513513513514,0.8648648648648649,-7.162162162162162,-10.0,11.52416184832139
home_comfort_2,24,0.125,0.875,-8.708333333333334,-11.5,10.523180072610167
audio,348,0.11781609195402298,0.882183908045977,-10.043103448275861,-11.0,9.754383252995964
home_confort,392,0.09438775510204081,0.9056122448979592,-9.762755102040817,-11.0,11.636099598807819
fashion_underwear_beach,117,0.09401709401709402,0.905982905982906,-10.504273504273504,-11.0,8.635955242996184
books_technical,256,0.08203125,0.91796875,-11.33203125,-12.0,9.357135757449141
office_furniture,1254,0.08054226475279107,0.919457735247209,-11.823763955342903,-13.0,12.442110223388894
baby,2809,0.08045567817728728,0.9195443218227127,-11.495550017799928,-12.0,10.752661407372761
christmas_supplies,125,0.08,0.92,-12.184,-13.0,11.4253425162182
portateis_cozinha_e_preparadores_de_alimentos,13,0.07692307692307693,0.9230769230769231,-9.76923076923077,-10.0,6.771925454327915
electronics,2517,0.07628128724672228,0.9237187127532777,-11.016289233214144,-12.0,9.386133180477072
musical_instruments,611,0.07528641571194762,0.9247135842880524,-11.477905073649755,-13.0,11.692820532169797
health_beauty,8649,0.07515319690137588,0.9248468030986241,-11.980922650017343,-13.0,10.115406295511391
furniture_living_room,414,0.0748792270531401,0.9251207729468599,-11.734299516908212,-11.0,11.091384976393888
bed_bath_table,9272,0.0743097497842968,0.9256902502157032,-11.393658326143226,-12.0,10.109075854798672
watches_gifts,5493,0.07391225195703623,0.9260877480429638,-11.79938103040233,-13.0,9.986634530479092
construction_tools_construction,736,0.07336956521739131,0.9266304347826086,-11.097826086956522,-11.0,10.271746900275462
auto,3809,0.07298503544237332,0.9270149645576267,-11.213179312155422,-12.0,11.063259877507226
Unknown,1392,0.07255747126436782,0.9274425287356322,-11.387212643678161,-12.0,10.060574708671911
dvds_blu_ray,56,0.07142857142857142,0.9285714285714286,-13.178571428571429,-14.0,8.555927541996606
furniture_decor,6307,0.07119074044712224,0.9288092595528777,-12.341842397336293,-12.0,11.823652614430973
telephony,4093,0.07109699486928903,0.928903005130711,-11.25800146591742,-12.0,9.538156516288963
food,441,0.07029478458049887,0.9297052154195011,-9.802721088435375,-10.0,11.968883590253167
industry_commerce_and_business,231,0.06926406926406926,0.9307359307359307,-12.264069264069263,-12.0,10.167486922815117
furniture_bedroom,90,0.06666666666666667,0.9333333333333333,-13.333333333333334,-13.0,10.247499009761167
construction_tools_lights,242,0.06611570247933884,0.9338842975206612,-11.50413223140496,-12.0,8.4491389891983
sports_leisure,7530,0.06573705179282868,0.9342629482071713,-11.86905710491368,-13.0,9.712064583459892
perfumery,3088,0.06541450777202072,0.9345854922279793,-12.386658031088082,-13.0,10.147189045098553
stationery,2264,0.06537102473498234,0.9346289752650176,-12.054328621908127,-13.0,10.01228404988068
garden_tools,3448,0.06525522041763342,0.9347447795823666,-11.861948955916473,-13.0,9.7889579732579
books_general_interest,495,0.06464646464646465,0.9353535353535354,-11.896969696969697,-13.0,8.409526294570929
toys,3804,0.0638801261829653,0.9361198738170347,-12.08596214511041,-13.0,9.808565892331002
computers_accessories,6529,0.06386889263286874,0.9361311073671312,-12.378465308623067,-13.0,9.911478696972415
cine_photo,63,0.06349206349206349,0.9365079365079365,-10.65079365079365,-10.0,8.008380147430909
costruction_tools_tools,97,0.061855670103092786,0.9381443298969072,-12.175257731958762,-13.0,7.828913171270899
home_appliances_2,227,0.06167400881057269,0.9383259911894273,-12.33920704845815,-13.0,15.059892385421659
art,195,0.06153846153846154,0.9384615384615385,-12.876923076923077,-12.0,11.116312466590573
consoles_games,1018,0.060903732809430254,0.9390962671905697,-11.534381139489195,-12.0,10.689931149655893
home_construction,483,0.060041407867494824,0.9399585921325052,-11.48033126293996,-12.0,12.024574003806729
cool_stuff,3559,0.05900533857825232,0.9409946614217477,-12.421466704130374,-13.0,10.249608226020351
computers,177,0.05649717514124294,0.943502824858757,-11.581920903954803,-13.0,8.66453788402522
fashion_bags_accessories,1821,0.05601317957166392,0.943986820428336,-13.181219110378912,-13.0,9.786630196388606
fashio_female_clothing,36,0.05555555555555555,0.9444444444444444,-11.916666666666666,-11.0,8.125357135008196
small_appliances_home_oven_and_coffee,72,0.05555555555555555,0.9444444444444444,-11.51388888888889,-12.0,7.558211755781054
housewares,5743,0.053630506703813335,0.9463694932961867,-12.087410760926344,-12.0,9.862535847334264
costruction_tools_garden,190,0.05263157894736842,0.9473684210526315,-13.547368421052632,-13.0,8.923268935086872
music,38,0.05263157894736842,0.9473684210526315,-14.342105263157896,-14.0,11.268891203733984
drinks,287,0.05226480836236934,0.9477351916376306,-10.968641114982578,-11.0,9.659720596017715
pet_shop,1688,0.0509478672985782,0.9490521327014217,-12.35781990521327,-13.0,8.603630172788652
tablets_printing_image,79,0.05063291139240506,0.9493670886075949,-13.075949367088608,-14.0,9.26777177310863
small_appliances,609,0.047619047619047616,0.9523809523809523,-13.86535303776683,-14.0,9.406478638513144
fixed_telephony,212,0.04716981132075472,0.9528301886792453,-14.90566037735849,-14.0,10.7976022455811
fashion_male_clothing,106,0.04716981132075472,0.9528301886792453,-13.443396226415095,-14.5,8.659792352815993
fashion_shoes,235,0.04680851063829787,0.9531914893617022,-14.27659574468085,-14.0,9.707037995811008
kitchen_dining_laundry_garden_furniture,241,0.04564315352697095,0.9543568464730291,-12.29045643153527,-11.0,9.378092389933867
home_appliances,747,0.04417670682730924,0.9558232931726908,-12.607764390896921,-12.0,8.86328050114635
arts_and_craftmanship,23,0.043478260869565216,0.9565217391304348,-6.6521739130434785,-6.0,5.835694985893235
signaling_and_security,138,0.043478260869565216,0.9565217391304348,-11.68840579710145,-11.0,11.470559411222693
luggage_accessories,1019,0.04317958783120707,0.956820412168793,-12.592737978410206,-13.0,7.889585925240225
air_conditioning,246,0.04065040650406504,0.959349593495935,-13.934959349593496,-14.0,9.775220515200143
market_place,274,0.040145985401459854,0.9598540145985401,-13.956204379562044,-13.0,12.679404784413736
books_imported,50,0.04,0.96,-11.22,-11.0,5.970300645354333
agro_industry_and_commerce,177,0.03954802259887006,0.96045197740113,-11.259887005649718,-10.0,8.842062824203397
fashion_sport,26,0.038461538461538464,0.9615384615384616,-12.192307692307692,-14.0,6.203348971445865
food_drink,221,0.03619909502262444,0.9638009049773756,-11.407239819004525,-12.0,8.900293257755253
flowers,29,0.034482758620689655,0.9655172413793104,-11.827586206896552,-11.0,6.106606291066148
construction_tools_safety,159,0.025157232704402517,0.9748427672955975,-12.918238993710691,-13.0,9.1263761254414
fashion_childrens_clothes,7,0.0,1.0,-15.714285714285714,-18.0,7.674943772091226
cds_dvds_musicals,12,0.0,1.0,-15.833333333333334,-15.0,6.575897219575762
diapers_and_hygiene,25,0.0,1.0,-12.44,-9.0,9.11079945266422
la_cuisine,13,0.0,1.0,-16.384615384615383,-16.0,3.3050078552216666
security_and_services,2,0.0,1.0,-17.0,-17.0,5.656854249492381
party_supplies,38,0.0,1.0,-14.789473684210526,-14.0,7.739536597402457
pc_gamer,7,0.0,1.0,-10.714285714285714,-13.0,6.524678426668135
